Insert into [Smith.Alumni] values 

(116097681, 'Reese', NULL, 'LaRocque', '06/17/1990', 'female', '43 Elmwood St. Cornelius, NC 28031', 'reese.laRoc@gmail.com', 1653233491, 'Citizen','https://www.linkedin.com/in/reese-larocque-4b838424'), 

(115076255, 'Karan', NULL, 'Arora', '07/23/1988', 'male', '66 North Railroad St. Canonsburg, PA 15317', 'karanarora@gmail.com', 1865399123, 'F1', 'https://www.linkedin.com/in/arorakaran/'), 

(116087653, 'Jiening', NULL, 'Wu', '04/19/1994', 'female', '84 Rr 1 Clio, Alabama(AL), 36017', 'jieningwu94@gmail.com', 1301658860, 'F1', 'https://www.linkedin.com/in/jieningwu/'), 

(107658253, 'Gagandeep', NULL, 'Singh', '08/31/1992', 'male', '55 Brooksby Village Way, Danvers MA 1923', 'gagandeep.singh@hotmail.com', 1302664179, 'F1', 'https://www.linkedin.com/in/singh-gagandeep/'), 

(109086676, 'Ben', NULL, 'Brown', '06/18/1995', 'male', '8933 Lincoln St. Faribault, MN 55021', 'ben.brown95@gmail.com', 1983990928, 'Citizen', 'https://www.linkedin.com/in/ben-brown-748b56b3/'), 

(116098789, 'Brett', NULL, 'Darrah', '08/29/1994', 'male', '261 Bancroft Rd Rindge, New Hampshire(NH), 03461', 'brettdarrah.94@yahoo.com', 1649077621, 'Citizen', 'https://www.linkedin.com/in/brett-darrah-6731155a/'), 

(103215641, 'Pallavi', NULL, 'Kambiri', '01/20/1991', 'female', '3 South San Pablo Dr. New Rochelle, NY 10801', 'pallavi191@gmail.com', 1888656702, 'F1', NULL), 

(109782234, 'Ed', NULL, 'Stockton', '02/23/1970', 'male', '3634 Spencer St #220 Torrance, California(CA), 90503', 'edstockton@gmail.com', 1903544765, 'Citizen', 'https://www.linkedin.com/in/edstockton/'), 

(106087890, 'Don', NULL, 'Lunaria', '03/22/1987', 'male', '3469 Pheasant Ridge Rd. Philadelphia, PA 19146', 'don.lunaria@gmail.com', NULL, 'J1', NULL), 

(95087383, 'Melissa', NULL, 'Delcid', '05/07/1990', 'female', '3191 County rd 10, Canandaigua NY 14424', 'melissa.delcid@gmail.com', 1784478712, 'Citizen', 'https://www.linkedin.com/in/melissa-delcid/'), 

(95986383,'Akshat', NULL, 'Maltare', '11/17/1993', 'male', '43 Elmwood St. Cornelius, NC 28031', 'akshat.maltare@rhsmith.umd.edu', 1973990928, 'F1','https://www.linkedin.com/in/akshat-maltare/'), 

(85087383,'Prachiti', NULL, 'Phadke', '12/09/1989', 'female', '280 Washington Street, Hudson MA 1749', 'prachiti.phadke@rhsmith.umd.edu', 1874456431, 'F1', 'https://www.linkedin.com/in/prachiti-a-phadke/'), 

(85045267,'John', NULL, 'Malone', '03/19/1960', 'male', '777 Brockton Avenue, Rockville MD 20430', 'john.malone@rhsmith.umd.edu', 1776052543, 'Citizen', 'https://www.linkedin.com/in/john-malone-consultant/'), 

(88567489,'Ravi', NULL, 'Pandey', '05/12/1973', 'male', '200 Ridgewood Road, Baltimore, MD 21210', 'ravi.pandey@rhsmith.umd.edu', 1973990928, 'F1', 'https://www.linkedin.com/in/ravi-pandey1/'), 

(105087485,'Sragdhara', NULL, 'Pattanaik', '10/04/1987', 'female', '677 Timpany Blvd, Gardner MA 1440', 'srahdhara.pattanaik@rhsmith.umd.edu', 1720297220, 'F1', 'https://www.linkedin.com/in/sragdhara-pattanaik-b8a7ab13b/'), 

(105087486,'Gauri', NULL, 'Bhide', '08/17/1993', 'female', '650 Main Ave, Norwalk CT 6851', 'gauri.bhide@rhsmith.umd.edu', 1240344092, 'F1', 'https://www.linkedin.com/in/gauribhide/'), 

(95074545,'Ameya', NULL, 'Chavan', '02/14/1995', 'male', '42417 Hwy 195, Haleyville AL 35565', 'ameya.chavan@rhsmith.umd.edu', 1608695291, 'F1', 'https://www.linkedin.com/in/ameya-chavan/'), 

(105081255,'Jiapei', NULL, 'Hu', '09/26/1990', 'female', '1607 23rd Street NW, Washington, DC 20008', 'jiapei.hu@rhsmith.umd.edu', 1301683883, 'F1', 'https://www.linkedin.com/in/jiapei-hu/'), 

(105084712,'Saloni', NULL, 'Kanakia', '11/23/1995', 'female', '664 Dickens Road, Lilburn, Georgia 30047', 'saloni.kanakia@rhsmith.umd.edu', 1347815665, 'F1', 'https://www.linkedin.com/in/kanakiasaloni/'), 

(95774528,'Kushagra', NULL, 'Sinha', '08/31/1991', 'male', '318 Canino Road, Houston, TX 77076', 'kushagra.sinha@rhsmith.umd.edu', 1205211036, 'F1', 'https://www.linkedin.com/in/kushagra-sinha/'); 



/*Smith. SchoolInformation*/

Insert into [Smith.SchoolInformation] values

(116097681, '08/15/2010', '12/05/2011', 3.7, 'Google Analytics', 'No'),

(115076255, '08/15/2010', '12/05/2011', 3.65, 'Data Mining', 'Yes'),

(116087653, '08/27/2012', '12/15/2013', 3.4, 'Google Analytics', 'No'),

(107658253, '08/02/2016', '12/15/2017', 3.9, 'Big data', 'No'),

(109086676, '08/27/2017', '12/15/2018', 3.52, 'Data Mining', 'Yes'),

(116098789, '08/02/2011', '12/15/2012', 3.31, NULL, 'No'),

(103215641, '08/17/2016', '12/15/2016', 3.45, 'Decision Analytics', 'Yes'),

(109782234, '08/15/2010', '12/05/2011', 3.66, NULL, 'No'),

(106087890, '08/17/2016', '12/15/2017', 4, NULL, 'No'),

(95087383, '08/27/2017', '12/15/2018', 3.5, 'Computer simulation for business applications', 'No'),

(95087383, '08/17/2016', '12/15/2017', 3.5, 'Python', 'No'),

(85087383, '08/17/2016', '12/15/2017', 3.9, 'Data mining', 'No'),

(85045267, '08/20/2015', '12/15/2016', 3.7, 'Computer simulation for business applications', 'Yes'),

(88567489, '08/20/2015', '12/15/2016', 3.9, 'Google Analytics', 'Yes'),

(105087485, '08/17/2016', '12/15/2017', 4.0, 'Data mining', 'No'),

(105087486, '08/05/2014', '12/20/2015', 3.6, NULL, 'No'),

(95074545, '08/20/2015', '12/15/2016', 3.55, NULL, 'No'),

(105081255, '08/17/2016', '12/15/2017', 3.3, NULL, 'No'),

(105084712, '08/04/2017', '12/07/2018', 3.8, 'Google Analytics', 'No'),

(95774528, '08/04/2017', '12/07/2018', 3.9, 'Data mining', 'No');

/*Smith. Expertise*/


Insert into [Smith.Expertise] values

(116097681, NULL, 'Marketing', 'Event planning', 'Google Adwords'),

(115076255, 'Web analytics', 'Software integration', 'Google adwords', NULL),

(116087653, 'Financial analysis', 'Customer service', 'Team leadership', 'Certified Associate in Project Management'),

(107658253, 'Python', 'Project management', NULL, 'ITIL V3 Foundation'),

(109086676, 'C/C++', 'Public speaking', 'Sales', 'EPA Lead Safe Certification'),

(116098789, 'SQL', 'Management', NULL, NULL),		

(103215641, 'Core java', NULL, NULL, NULL),

(109782234, 'SQL', NULL, NULL, NULL),

(106087890, NULL, 'Computer security', 'Operational planning', 'Certified Information systems security professional'),

(95087383, 'Python', 'Accounting', 'Customer service', NULL),

(95986383, 'Java, sql, C', 'NULL', 'NULL', 'DB2 10 IBM'),

(85087383, 'Sql,C#', 'Project management', 'Management accounting', NULL),

(85045267, NULL, 'Market research', 'Business strategy', NULL),

(88567489, 'Sql', 'Data warehousing', 'Requirements analysis', 'Data visualization in R with ggvis'),

(105087485, 'Tableau', NULL, NULL, 'Salesforce certified administrator'),

(105087486, 'C++,mySql', 'Agile methodologies', NULL, 'Salesforce certified service cloud consultant'),

(95074545, 'Sql,java', 'Management', 'Health economics', NULL),

(105081255, 'Python,R,Sql', NULL, NULL, 'Data Analyst python track'),

(105084712, 'Python,Sql', NULL, NULL, NULL),

(95774528, 'R,Sql,pHp', 'Web development', 'Marketing', 'Google Analytics');

/*Smith. Company*/

INSERT INTO [Smith.Company] VALUES ('Deloitte', 'Yes')

INSERT INTO [Smith.Company] VALUES ('Ernst & Young', 'Yes')

INSERT INTO [Smith.Company] VALUES ('Mckinsey & Company', 'Yes')

INSERT INTO [Smith.Company] VALUES ('PwC', 'Yes')

INSERT INTO [Smith.Company] VALUES ('Grant Thorton', 'No')

INSERT INTO [Smith.Company] VALUES ('Deloitte', 'Yes')

INSERT INTO [Smith.Company] VALUES ('Ernst & Young', 'Yes')

INSERT INTO [Smith.Company] VALUES ('High Radius', 'Yes')

INSERT INTO [Smith.Company] VALUES ('ZS', 'Yes')

INSERT INTO [Smith.Company] VALUES ('Target', 'No')

INSERT INTO [Smith.Company] VALUES ('Accenture', 'No')

INSERT INTO [Smith.Company] VALUES ('FedEx', 'Yes')

INSERT INTO [Smith.Company] VALUES ('Walmart', 'No')

INSERT INTO [Smith.Company] VALUES ('Chegg', 'Yes')

INSERT INTO [Smith.Company] VALUES ('Sabre', 'No')

INSERT INTO [Smith.Company] VALUES ('Nutanix', 'Yes')

INSERT INTO [Smith.Company] VALUES ('Textron', 'Yes')

INSERT INTO [Smith.Company] VALUES ('Privco', 'Yes')

INSERT INTO [Smith.Company] VALUES ('ZS', 'No')

INSERT INTO [Smith.Company] VALUES ('Target', 'No')


/*Smith.Job*/

INSERT INTO [Smith.Job] VALUES 
(116097681, 1001, 'Data Analyst', 'LinkedIn', 'Consulting,Information Technology, Project Management', '4.5', 'Consulting' )

INSERT INTO [Smith.Job] VALUES 
(115076255, 1002, 'Assurance Associate', 'LinkedIn', 'Consulting, Analyst, Strategy/Planning', '4.4', 'Consulting');

INSERT INTO [Smith.Job] VALUES 
(116087653, 1003, 'Data Scientist', 'LinkedIn', 'Engineering, Information Technology', '5', 'IT' )

INSERT INTO [Smith.Job] VALUES 
(107658253, 1004, 'Business Data Analyst', 'HireSmith', 'Finance, Analyst', '4.8', 'Finance' )

INSERT INTO [Smith.Job] VALUES 
(109086676, 1005,'Data Analytics Consultant', 'HireSmith', 'Business Development, Sales', '4.5', 'Consulting' )

INSERT INTO [Smith.Job] VALUES 
(116098789, 1006,'Implementation Project Manager', 'LinkedIn', 'Project Management, Information Technology', '4', 'IT' )

INSERT INTO [Smith.Job] VALUES 
(103215641, 1007,'Solutions Analyst', 'Indeed',  'Information Technology', '4.2', 'IT' )

INSERT INTO [Smith.Job] VALUES 
(109782234, 1008,'Data Engineer', 'LinkedIn', 'Information Technology, Engineering, Customer Service', '3.9', 'IT' )

INSERT INTO [Smith.Job] VALUES 
(106087890, 1009, 'Senior Digital Analyst', 'Indeed', 'Consulting, Design, Information Technology', '4', 'Consulting' )

INSERT INTO [Smith.Job] VALUES 
(95087383,1010,'Data Scientist', 'LinkedIn', 'Engineering, Information Technology', '3.5', 'IT' )

INSERT INTO [Smith.Job] VALUES 
(95986383,1011,'Data Analytics Consultant', 'HireSmith', 'Business Development,Finance', '4.5', 'Finance' )

INSERT INTO [Smith.Job] VALUES 
(85087383,1012,'Project Manager', 'LinkedIn', 'Project Management, Information Technology', '4', 'IT' )

INSERT INTO [Smith.Job] VALUES (85045267, 1013,'Data Scientist Intern', 'LinkedIn', 'Engineering, Information Technology', '4.5', 'IT' )

INSERT INTO [Smith.Job] VALUES (88567489,1014,'Business Analyst Intern', 'Indeed', 'Consulting, Design, Information Technology', '4', 'Consulting' )

INSERT INTO [Smith.Job] VALUES (105087485,1015,'Business Analyst Intern', 'LinkedIn', 'Consulting, Analyst, Strategy/Planning', '4', 'Consulting' )

INSERT INTO [Smith.Job] VALUES (105087486,1016,'Project Management Intern', 'Indeed', 'Business Development, Sales', '4.2', 'Consulting' )

INSERT INTO [Smith.Job] VALUES (95074545,1017,'Data Analyst Intern', 'LinkedIn', 'Consulting, Analyst', '3.5', 'IT' )

INSERT INTO [Smith.Job] VALUES (105081255,1018,'Project Management Intern', 'Indeed', 'Business Development, Sales', '4.2', 'Consulting' )

INSERT INTO [Smith.Job] VALUES (105084712,1019,'Product Intern', 'Indeed', 'Analyst, Research, Finance', '3.8', 'Finance' )

INSERT INTO [Smith.Job] VALUES (95774528,1020,'Federal Reserve Board', 'LinkedIn', 'Information Technology, Finance', '3.2', 'IT' )


/*Smith.JobStatus*/

INSERT INTO [Smith.JobStatus] VALUES (116097681, 5001)

INSERT INTO [Smith.JobStatus] VALUES (115076255,5002)

INSERT INTO [Smith.JobStatus] VALUES (116087653, 5003)

INSERT INTO [Smith.JobStatus] VALUES (107658253, 5004)

INSERT INTO [Smith.JobStatus] VALUES (109086676,5005)

INSERT INTO [Smith.JobStatus] VALUES (116098789, 5006)

INSERT INTO [Smith.JobStatus] VALUES (103215641,5007)

INSERT INTO [Smith.JobStatus] VALUES (109782234,5008)

INSERT INTO [Smith.JobStatus] VALUES (106087890,5009)

INSERT INTO [Smith.JobStatus] VALUES (95087383,5010)

INSERT INTO [Smith.JobStatus] VALUES (85087383,5011)

INSERT INTO [Smith.JobStatus] VALUES (85045267, 5012)

INSERT INTO [Smith.JobStatus] VALUES (88567489,5013)

INSERT INTO [Smith.JobStatus] VALUES (105087485,5014)

INSERT INTO [Smith.JobStatus] VALUES (105087486,5015)

INSERT INTO [Smith.JobStatus] VALUES (95074545,5016)

INSERT INTO [Smith.JobStatus] VALUES (105081255,5017)

INSERT INTO [Smith.JobStatus] VALUES (105084712,5018)

INSERT INTO [Smith.JobStatus] VALUES (95774528,5019)

INSERT INTO [Smith.JobStatus] VALUES (95986383,5020)

/*Smith.WorkFullTime*/

INSERT INTO [Smith.WorkFullTime] VALUES (116097681, 5001, '$80,000', '02/11/2017')

INSERT INTO [Smith.WorkFullTime] VALUES (115076255,5002, '$70,000', '02/20/2016')

INSERT INTO [Smith.WorkFullTime] VALUES (116087653, 5003, '$98,000', '01/28/2018')

INSERT INTO [Smith.WorkFullTime] VALUES (107658253, 5004,'$85,000', '03/04/2017')

INSERT INTO [Smith.WorkFullTime] VALUES (109086676,5005, '$68,000', '02/18/2016')

INSERT INTO [Smith.WorkFullTime] VALUES (116098789, 5006,'$73,000', '02/20/2016')

INSERT INTO [Smith.WorkFullTime] VALUES (103215641,5007,'$90,000', '03/20/2017')

INSERT INTO [Smith.WorkFullTime] VALUES (109782234,5008,'$75,000', '02/18/2017')

INSERT INTO [Smith.WorkFullTime] VALUES (106087890,5009, '$98,000', '02/18/2016')

INSERT INTO [Smith.WorkFullTime] VALUES (95087383,5010,'$83,000', '02/20/2016')

INSERT INTO [Smith.WorkFullTime] VALUES (85087383,5011,'$90,000', '03/20/2017')

INSERT INTO [Smith.WorkFullTime] VALUES (85045267, 5012,'$75,000', '02/18/2017')

  /* Smith.WorkInternship*/

INSERT INTO [Smith.WorkInternship] VALUES (88567489,5013, '$30', '05/14/2018', '07/06/2018') 
INSERT INTO [Smith.WorkInternship] VALUES (105087485,5014, '$25', '05/21/2018', '07/13/2018') 
INSERT INTO [Smith.WorkInternship] VALUES (105087486,5015,'$40', '05/23/2016', '07/11/2016') 
INSERT INTO [Smith.WorkInternship] VALUES (95074545,5016, '$32', '05/28/2017', '07/20/2017') 
INSERT INTO [Smith.WorkInternship] VALUES (105081255,5017, '$30', '06/04/2018', ' 07/06/2018') 
INSERT INTO [Smith.WorkInternship] VALUES (105084712,5018, '$22', '05/16/2017', '07/18/2017') 
INSERT INTO [Smith.WorkInternship] VALUES (95774528,5019, '$25', '05/28/2016', '07/13/2016') 
INSERT INTO [Smith.WorkInternship] VALUES (95986383,5020, '$28', '06/06/2015','07/25/2015')
